customer_id,first_name,last_name,email,city,country,created_at
1,Danielle,Johnson,danielle.johnson1825@yahoo.com,East Donald,Bosnia and Herzegovina,2025-10-15
2,Erica,Mcclain,erica.mcclain4507@gmail.com,Johnsonland,Cuba,2024-07-22
3,Jesse,Guzman,jesse.guzman3658@hotmail.com,Lake Debra,Mauritius,2025-02-23
4,Robert,Cole,robert.cole1680@yahoo.com,Port Lindachester,Guam,2025-06-10
5,Joshua,Lewis,joshua.lewis9675@yahoo.com,North Noahstad,Tanzania,2023-07-25
6,Maurice,Baker,maurice.baker521@gmail.com,Herrerafurt,Belgium,2025-10-05
7,Andrea,Calderon,andrea.calderon1536@hotmail.com,Barbaraland,Aruba,2024-09-14
8,Donna,Mejia,donna.mejia3812@gmail.com,Port Craig,Fiji,2023-02-05
9,Shawn,Flowers,shawn.flowers9864@gmail.com,Michaelview,Reunion,2025-10-12
10,Sharon,Wong,sharon.wong9196@hotmail.com,New Jessica,Central African Republic,2024-10-24
11,Steven,Nelson,steven.nelson8929@hotmail.com,Lake Mark,Seychelles,2023-07-30
12,Kimberly,Perez,kimberly.perez3612@gmail.com,Richardland,Croatia,2023-05-31
13,Robin,Bradley,robin.bradley9655@hotmail.com,Jasonfort,Indonesia,2024-05-15
14,Nicole,Day,nicole.day107@gmail.com,Donaldside,Martinique,2025-01-13
15,Jose,Richards,jose.richards6925@hotmail.com,Coxberg,Madagascar,2024-01-09
16,Trevor,Campos,trevor.campos4553@gmail.com,Lake Ernest,Pitcairn Islands,2025-01-21
17,Robert,Brown,robert.brown3528@yahoo.com,Riceside,Tokelau,2024-01-16
18,Sherri,Frazier,sherri.frazier1675@gmail.com,Kaylamouth,Bouvet Island (Bouvetoya),2025-05-30
19,Kelly,Moore,kelly.moore6225@gmail.com,Teresaburgh,Macedonia,2025-05-21
20,Rita,Harrell,rita.harrell5882@yahoo.com,East Nathaniel,Central African Republic,2024-01-01
21,Amber,Osborne,amber.osborne9892@hotmail.com,New Mariotown,Bouvet Island (Bouvetoya),2024-06-12
22,Sarah,Koch,sarah.koch712@yahoo.com,North John,Mongolia,2023-05-10
23,Stacey,Miller,stacey.miller8786@yahoo.com,Port Amandaberg,Brunei Darussalam,2025-03-25
24,Donna,Arroyo,donna.arroyo6202@gmail.com,Allisonchester,Croatia,2025-06-27
25,Sarah,Campos,sarah.campos9045@hotmail.com,Lake Larry,Paraguay,2024-04-14
26,Debra,Kim,debra.kim5926@hotmail.com,Martinezbury,Bahrain,2024-11-07
27,Matthew,Chapman,matthew.chapman1140@gmail.com,North Chad,Niue,2025-09-03
28,Brian,Jones,brian.jones3734@gmail.com,Chadbury,Fiji,2024-04-22
29,Elizabeth,Lewis,elizabeth.lewis1308@gmail.com,Sanchezfort,Sri Lanka,2024-08-16
30,Richard,Davis,richard.davis1655@hotmail.com,Gomezchester,Lao People's Democratic Republic,2023-10-19
31,Michelle,Brown,michelle.brown4555@hotmail.com,North Richardmouth,South Georgia and the South Sandwich Islands,2023-05-22
32,Michelle,Wright,michelle.wright5978@gmail.com,Taylorburgh,Fiji,2025-01-06
33,Steven,Baxter,steven.baxter6066@gmail.com,Mortonside,Bolivia,2023-12-09
34,Brent,Kidd,brent.kidd3433@gmail.com,Port Melindaburgh,Ireland,2024-06-07
35,Todd,Lewis,todd.lewis1170@yahoo.com,East Nicholasfurt,Estonia,2024-12-20
36,Sara,Glover,sara.glover8752@yahoo.com,Hortonside,Panama,2024-07-22
37,Jennifer,Moore,jennifer.moore2678@yahoo.com,North Beth,Mauritania,2023-05-04
38,Bruce,Edwards,bruce.edwards6217@gmail.com,Shawhaven,Cayman Islands,2024-06-01
39,Brian,Romero,brian.romero9126@gmail.com,New Carlosbury,Iraq,2024-09-12
40,David,Zamora,david.zamora5314@gmail.com,New Christophershire,Monaco,2025-08-13
41,Alexandra,Donovan,alexandra.donovan3753@gmail.com,Johnfurt,Bulgaria,2025-10-01
42,Emily,Evans,emily.evans5169@yahoo.com,North Stephenshire,Bolivia,2023-09-06
43,Charles,Lewis,charles.lewis4387@yahoo.com,West Nicole,Turkmenistan,2025-07-23
44,John,Mitchell,john.mitchell3457@yahoo.com,Cherylhaven,Algeria,2024-03-01
45,Elizabeth,Spencer,elizabeth.spencer3484@hotmail.com,East Josephville,Samoa,2023-02-17
46,Angela,Nelson,angela.nelson6483@hotmail.com,Lake Matthew,Poland,2023-05-11
47,Cynthia,Baker,cynthia.baker2341@yahoo.com,Rebeccaton,Bermuda,2024-06-11
48,Cynthia,Calderon,cynthia.calderon2288@gmail.com,West Kellieview,Central African Republic,2024-07-18
49,Joyce,Arnold,joyce.arnold9198@yahoo.com,North Charlesberg,Mauritius,2024-06-15
50,Barry,Wood,barry.wood9578@hotmail.com,South David,Gambia,2023-07-12
51,Michael,Fitzpatrick,michael.fitzpatrick9561@gmail.com,Jasonbury,Papua New Guinea,2023-09-10
52,Curtis,Deleon,curtis.deleon5931@yahoo.com,East Michelle,South Georgia and the South Sandwich Islands,2024-09-12
53,Lisa,Keith,lisa.keith2267@gmail.com,Lake Sandra,Slovenia,2023-01-27
54,Sarah,Pham,sarah.pham8086@hotmail.com,West Erik,Reunion,2025-06-02
55,Daniel,Brennan,daniel.brennan772@yahoo.com,East Lisa,Kuwait,2025-04-25
56,Michael,Hoover,michael.hoover2505@gmail.com,North Donna,Iran,2025-01-12
57,Mark,Lin,mark.lin6917@yahoo.com,Darlenefurt,Philippines,2025-07-28
58,Tina,Herrera,tina.herrera6305@gmail.com,West Gregoryview,Argentina,2023-10-16
59,Daniel,Hamilton,daniel.hamilton9764@hotmail.com,Samuelhaven,Brazil,2023-04-22
60,Paul,Ray,paul.ray8670@yahoo.com,Lake Ryanhaven,Uzbekistan,2024-07-09
61,Lindsay,Mcdaniel,lindsay.mcdaniel9065@hotmail.com,West Ryan,Yemen,2025-11-12
62,Elizabeth,Rivera,elizabeth.rivera1877@yahoo.com,Lake Rachelhaven,Georgia,2024-06-07
63,Elizabeth,Nguyen,elizabeth.nguyen5574@hotmail.com,Angelaborough,Italy,2025-04-21
64,Elizabeth,Gray,elizabeth.gray4809@hotmail.com,New Ashley,Iraq,2023-06-29
65,Amy,Smith,amy.smith2592@yahoo.com,South Kristi,Netherlands,2023-05-21
66,Diana,Marshall,diana.marshall54@yahoo.com,New Thomas,United Arab Emirates,2024-06-14
67,Susan,Fitzgerald,susan.fitzgerald8202@hotmail.com,West Zacharymouth,Bermuda,2024-12-05
68,Loretta,Potter,loretta.potter8318@hotmail.com,Jeffreyborough,Cameroon,2025-05-02
69,Andrew,Sanchez,andrew.sanchez4890@yahoo.com,South Robertshire,Congo,2023-01-31
70,Jennifer,Cruz,jennifer.cruz9978@yahoo.com,East Diana,Albania,2024-10-24
71,Patricia,Dalton,patricia.dalton2505@gmail.com,Robinsonhaven,Kyrgyz Republic,2023-11-01
72,Brent,Wright,brent.wright2647@gmail.com,Andersonmouth,Papua New Guinea,2022-12-15
73,Amanda,Hansen,amanda.hansen10@yahoo.com,Salazarhaven,Japan,2024-02-11
74,Maria,Kelley,maria.kelley8006@gmail.com,Colebury,Tajikistan,2025-10-27
75,Dana,Cannon,dana.cannon1833@hotmail.com,Simsview,Kazakhstan,2023-11-23
76,Chris,Mitchell,chris.mitchell5039@yahoo.com,Luisside,Belgium,2024-08-02
77,Devon,Hall,devon.hall950@hotmail.com,Lake Jason,Israel,2024-07-30
78,Rick,Daniels,rick.daniels9296@yahoo.com,East Marissafurt,United Kingdom,2025-06-27
79,Kayla,Shah,kayla.shah1404@gmail.com,Woodsstad,French Southern Territories,2023-03-16
80,Karen,Castaneda,karen.castaneda1134@yahoo.com,South Jeffrey,Jordan,2022-12-11
81,Todd,Price,todd.price2061@hotmail.com,Ramseymouth,Uruguay,2025-03-18
82,David,Dean,david.dean7788@gmail.com,Vargastown,Belize,2025-01-01
83,Dawn,Taylor,dawn.taylor4343@yahoo.com,North Jorge,Greece,2022-12-21
84,Jason,Murphy,jason.murphy9939@yahoo.com,Karenchester,El Salvador,2023-07-23
85,Mary,Ruiz,mary.ruiz3471@hotmail.com,West Jeffreyland,Slovakia (Slovak Republic),2024-10-20
86,Susan,Williams,susan.williams5108@gmail.com,East Mary,Niger,2023-09-10
87,Elijah,Martinez,elijah.martinez6119@hotmail.com,New Staciemouth,Reunion,2023-06-22
88,Jonathan,Wood,jonathan.wood8480@hotmail.com,Port Loriport,Botswana,2023-05-26
89,Beth,Hickman,beth.hickman1983@hotmail.com,Sandersborough,Belarus,2024-07-16
90,Brittany,Rivas,brittany.rivas3682@gmail.com,Lake Kendraville,South Africa,2025-07-27
91,Tonya,Patton,tonya.patton5540@yahoo.com,Stanleyland,Macedonia,2025-10-23
92,Deborah,Smith,deborah.smith9639@yahoo.com,Garciastad,Norfolk Island,2024-08-21
93,Patricia,Stevens,patricia.stevens9642@gmail.com,Thompsonhaven,Pakistan,2024-09-10
94,Joseph,Morton,joseph.morton118@hotmail.com,Marshallshire,Ethiopia,2025-07-13
95,Marcus,Sanchez,marcus.sanchez965@gmail.com,Nicolebury,Sao Tome and Principe,2024-08-24
96,Steven,Bishop,steven.bishop1105@yahoo.com,Anthonymouth,Cocos (Keeling) Islands,2025-10-02
97,Tony,Kelly,tony.kelly5414@yahoo.com,Joshuaview,Micronesia,2025-07-13
98,Alejandro,Vaughan,alejandro.vaughan8424@gmail.com,Lake Richard,Micronesia,2024-08-05
99,Katherine,Vaughn,katherine.vaughn4563@hotmail.com,Westtown,Bermuda,2023-03-17
100,Kelly,Sullivan,kelly.sullivan3511@gmail.com,Elizabethstad,Lebanon,2025-03-10
101,Angela,Cooper,angela.cooper9356@hotmail.com,Michaelmouth,Faroe Islands,2023-04-12
102,Kristopher,Hall,kristopher.hall3982@hotmail.com,West David,Martinique,2023-04-12
103,Stephanie,Vaughn,stephanie.vaughn6670@gmail.com,Lake Todd,Saint Kitts and Nevis,2024-11-11
104,Brittany,Wolf,brittany.wolf1546@hotmail.com,Tinaborough,French Polynesia,2025-05-21
105,Jeremy,White,jeremy.white7063@gmail.com,West Brandon,Austria,2023-12-11
106,Angela,Terry,angela.terry6940@gmail.com,Garciatown,Montenegro,2023-08-17
107,Justin,Mendoza,justin.mendoza7652@yahoo.com,North Johnny,Tokelau,2025-08-17
108,Tim,Short,tim.short1613@yahoo.com,Joneston,Canada,2025-08-03
109,Edward,Hart,edward.hart6597@yahoo.com,East Davidchester,Netherlands,2024-01-11
110,Caitlin,Montgomery,caitlin.montgomery1791@hotmail.com,Hayesmouth,French Southern Territories,2024-07-14
111,Michelle,Branch,michelle.branch3140@yahoo.com,New Susanville,Yemen,2024-11-11
112,Kathryn,Garrett,kathryn.garrett8787@yahoo.com,East Johnside,Belarus,2023-06-01
113,Eric,Ortiz,eric.ortiz2297@hotmail.com,Carterbury,France,2023-07-25
114,Jasmine,Warner,jasmine.warner3007@yahoo.com,Lake Jesusview,Solomon Islands,2024-05-14
115,Kylie,Lawrence,kylie.lawrence7580@gmail.com,Wilsonbury,Oman,2024-07-12
116,Edward,Baker,edward.baker1236@gmail.com,North Gabrielport,Nauru,2023-06-12
117,Kaitlyn,Carroll,kaitlyn.carroll9017@yahoo.com,Martinezport,Reunion,2025-05-19
118,Richard,Nelson,richard.nelson829@hotmail.com,Kimton,Tuvalu,2025-11-05
119,Ryan,Morris,ryan.morris1529@yahoo.com,North Jeremyshire,Myanmar,2024-08-08
120,Stephanie,Key,stephanie.key2725@hotmail.com,Barbaraburgh,Latvia,2023-08-26
121,April,Ramos,april.ramos7957@yahoo.com,New Ryan,Suriname,2023-03-26
122,Travis,Davis,travis.davis3503@yahoo.com,Cookville,Togo,2023-09-06
123,Eugene,Jenkins,eugene.jenkins961@yahoo.com,Elainefurt,Suriname,2025-01-02
124,Kathleen,Johnson,kathleen.johnson6210@gmail.com,Johnnyville,Sierra Leone,2025-12-01
125,Richard,Robertson,richard.robertson6397@gmail.com,Gutierrezborough,Malaysia,2024-06-10
126,Michael,Avila,michael.avila7455@hotmail.com,Wolfborough,Ethiopia,2024-04-30
127,Andrea,Pennington,andrea.pennington6931@yahoo.com,Martinezbury,Russian Federation,2023-03-15
128,Eric,Pierce,eric.pierce2537@hotmail.com,Davisville,Kyrgyz Republic,2024-11-12
129,Stacey,Holland,stacey.holland4862@gmail.com,Cantuport,Madagascar,2024-09-16
130,Janice,Perry,janice.perry959@yahoo.com,Sanchezside,Cameroon,2025-08-03
131,Patrick,Weeks,patrick.weeks5139@hotmail.com,Port Chad,Sierra Leone,2025-08-10
132,Kristy,Perry,kristy.perry822@hotmail.com,Loriport,Saint Kitts and Nevis,2023-04-04
133,Kenneth,Matthews,kenneth.matthews8239@hotmail.com,Grimesmouth,Martinique,2022-12-14
134,Todd,Cook,todd.cook2580@hotmail.com,Gibsonmouth,Trinidad and Tobago,2025-08-11
135,Jacob,Terry,jacob.terry8321@hotmail.com,Hallchester,Aruba,2025-06-24
136,Louis,Kennedy,louis.kennedy3045@yahoo.com,Mcneilberg,Lithuania,2025-07-18
137,Tammie,Martinez,tammie.martinez9750@hotmail.com,Mollymouth,Bolivia,2025-07-19
138,Alicia,Bryant,alicia.bryant3854@hotmail.com,South Monica,Cape Verde,2023-09-01
139,Charles,Harrington,charles.harrington1965@yahoo.com,Cindyfurt,Pakistan,2024-07-19
140,Christopher,Murphy,christopher.murphy9486@hotmail.com,Finleyfort,Tunisia,2025-09-15
141,Amber,Williamson,amber.williamson1344@gmail.com,Wendyland,Jordan,2023-07-31
142,Tiffany,Hodges,tiffany.hodges9563@hotmail.com,South Garrettport,United Kingdom,2022-12-31
143,Anthony,Nguyen,anthony.nguyen5184@gmail.com,Michaelchester,Cameroon,2024-06-19
144,John,Jenkins,john.jenkins3347@hotmail.com,East Gregory,New Caledonia,2024-03-02
145,Monica,Harvey,monica.harvey3911@gmail.com,Durhamberg,Djibouti,2024-06-10
146,Steven,King,steven.king6485@yahoo.com,Port Stevenport,Philippines,2025-03-12
147,Amy,Jones,amy.jones4916@yahoo.com,Daniellechester,Portugal,2023-05-14
148,John,Bruce,john.bruce5181@gmail.com,Castanedaville,Dominica,2025-07-10
149,Patrick,Howard,patrick.howard153@yahoo.com,Andrewfurt,Falkland Islands (Malvinas),2023-05-12
150,Alan,Grimes,alan.grimes9225@hotmail.com,New Julieport,Singapore,2025-05-15
151,Lauren,Lawson,lauren.lawson1201@yahoo.com,Lake James,El Salvador,2024-09-25
152,Erica,Le,erica.le8289@hotmail.com,Lake Colton,Nigeria,2024-06-10
153,Debbie,Parker,debbie.parker2171@yahoo.com,New Michaelberg,Bermuda,2023-12-22
154,Renee,Murphy,renee.murphy1128@yahoo.com,East David,Mauritania,2024-07-23
155,Nancy,Diaz,nancy.diaz6055@hotmail.com,Mariaview,United States Minor Outlying Islands,2024-05-01
156,Makayla,Olson,makayla.olson2585@yahoo.com,Lindamouth,Belarus,2023-06-22
157,Donald,Levy,donald.levy8901@hotmail.com,Coffeyside,Haiti,2024-03-26
158,Christopher,Foster,christopher.foster8667@yahoo.com,South Miguelview,Mozambique,2025-11-19
159,Parker,Little,parker.little9087@yahoo.com,Lake Jesustown,Nicaragua,2024-04-01
160,Nicole,Hoffman,nicole.hoffman1698@hotmail.com,Lake Bryan,Swaziland,2025-03-05
161,Steven,Haynes,steven.haynes4334@hotmail.com,Wilsonton,Yemen,2025-04-13
162,Benjamin,Ferrell,benjamin.ferrell1754@gmail.com,East Paigeberg,Iceland,2025-01-21
163,Shawn,Santiago,shawn.santiago4463@hotmail.com,Matthewsberg,Turks and Caicos Islands,2024-05-07
164,Robert,Garcia,robert.garcia9910@yahoo.com,Crosbyview,Antigua and Barbuda,2024-09-30
165,Hannah,Robinson,hannah.robinson5618@yahoo.com,Port Michael,Poland,2024-10-15
166,Michael,Winters,michael.winters4326@hotmail.com,Bruceview,Comoros,2023-02-04
167,Tammy,Rush,tammy.rush8005@yahoo.com,Lake Jasontown,Australia,2024-07-09
168,Kristin,Sanchez,kristin.sanchez833@gmail.com,North Maria,Mexico,2025-05-30
169,Jamie,Robinson,jamie.robinson6940@gmail.com,Kimtown,Falkland Islands (Malvinas),2024-05-18
170,Michele,Thomas,michele.thomas723@gmail.com,Laurenville,Panama,2025-11-28
171,Michelle,Anderson,michelle.anderson5465@yahoo.com,New Mario,China,2025-03-13
172,Joseph,Martinez,joseph.martinez4292@yahoo.com,Lake Brycemouth,Slovakia (Slovak Republic),2025-01-09
173,Michael,Wheeler,michael.wheeler7240@yahoo.com,New Bradley,Slovenia,2023-07-14
174,Regina,Hopkins,regina.hopkins9190@yahoo.com,Schneidertown,Bahamas,2025-11-16
175,Yolanda,Boone,yolanda.boone1833@yahoo.com,South Jennifermouth,Barbados,2025-07-04
176,Rachel,Morris,rachel.morris2443@gmail.com,East Joshuashire,Mayotte,2025-09-23
177,Jennifer,James,jennifer.james6050@hotmail.com,Shawnchester,Bolivia,2025-02-05
178,Laura,Wilson,laura.wilson7042@hotmail.com,South Shannon,Denmark,2025-03-19
179,Robert,Wilcox,robert.wilcox686@yahoo.com,Blairmouth,Japan,2024-03-14
180,Larry,Scott,larry.scott5975@gmail.com,Jonesland,Bermuda,2025-09-15
181,Ryan,Garner,ryan.garner5863@yahoo.com,New Brian,Zimbabwe,2024-10-01
182,Anna,Rivera,anna.rivera4089@gmail.com,Gomezchester,Trinidad and Tobago,2025-05-09
183,Ruth,Williams,ruth.williams5795@yahoo.com,Michaelshire,Macedonia,2023-08-26
184,Jason,Douglas,jason.douglas2533@gmail.com,West Meganstad,Brazil,2024-08-08
185,Kathryn,Andrews,kathryn.andrews2663@yahoo.com,New Sarahview,Antarctica (the territory South of 60 deg S),2024-12-08
186,Henry,Park,henry.park6756@yahoo.com,Michaelburgh,Trinidad and Tobago,2025-10-16
187,Douglas,Sandoval,douglas.sandoval2939@gmail.com,Lake Cynthia,Antarctica (the territory South of 60 deg S),2024-01-25
188,Christopher,Moreno,christopher.moreno6746@yahoo.com,Chavezburgh,Heard Island and McDonald Islands,2024-07-15
189,Larry,Nguyen,larry.nguyen4372@hotmail.com,North Ericton,Peru,2025-01-13
190,Christopher,Ramos,christopher.ramos1772@yahoo.com,Lawsonchester,Faroe Islands,2023-10-14
191,Jason,Hunt,jason.hunt635@yahoo.com,Rodriguezshire,Libyan Arab Jamahiriya,2023-04-17
192,Alison,Parker,alison.parker3645@gmail.com,Joyceton,Albania,2024-10-23
193,James,Dougherty,james.dougherty7542@gmail.com,Keithville,Albania,2023-12-20
194,Tyler,Jordan,tyler.jordan5001@gmail.com,Patelbury,Macao,2024-08-26
195,Angelica,Barnett,angelica.barnett3653@yahoo.com,South Michelleton,Jordan,2025-10-18
196,Andrew,Morse,andrew.morse3165@yahoo.com,Berrychester,French Guiana,2023-09-11
197,Darius,Smith,darius.smith5379@yahoo.com,Port Stacey,Kuwait,2024-05-14
198,Marilyn,Gillespie,marilyn.gillespie1138@gmail.com,Richardbury,Jordan,2024-05-13
199,Brianna,Warren,brianna.warren5754@yahoo.com,Juliebury,Grenada,2023-01-27
200,Kimberly,Jones,kimberly.jones6549@hotmail.com,New Williamstad,Guernsey,2024-01-27
201,Jessica,Fuentes,jessica.fuentes453@gmail.com,North Dwayne,Congo,2025-04-13
202,Glenn,Hernandez,glenn.hernandez4280@hotmail.com,East Stephaniefort,Kyrgyz Republic,2024-12-05
203,Karen,Wolf,karen.wolf9513@yahoo.com,Michellemouth,Canada,2024-06-10
204,Scott,Harrison,scott.harrison627@hotmail.com,Laurashire,Azerbaijan,2025-04-27
205,Michael,Jones,michael.jones9775@yahoo.com,Johnsonstad,Switzerland,2023-06-30
206,Justin,Newman,justin.newman5664@gmail.com,Fordside,Zimbabwe,2024-03-03
207,Latoya,Huang,latoya.huang7150@yahoo.com,West Cassidy,Macao,2023-01-23
208,Edward,Brown,edward.brown1895@gmail.com,Toniland,Macedonia,2023-10-09
209,Debbie,Williams,debbie.williams9447@hotmail.com,Ritterhaven,Maldives,2024-11-11
210,Chelsea,Cox,chelsea.cox4174@yahoo.com,Ortizmouth,Philippines,2025-09-06
211,Carla,Mccormick,carla.mccormick7145@hotmail.com,Cameronville,Micronesia,2025-12-02
212,Erika,Mitchell,erika.mitchell8519@hotmail.com,West Christopher,Panama,2024-10-28
213,Donald,Bailey,donald.bailey5968@hotmail.com,Andersonland,Georgia,2023-07-06
214,Angelica,Schneider,angelica.schneider1147@yahoo.com,Lake Jacqueline,Yemen,2024-01-29
215,Joanne,Jennings,joanne.jennings5144@hotmail.com,Lake Ellenhaven,Guyana,2025-03-25
216,Andrew,Parker,andrew.parker4921@gmail.com,Staceyfort,Congo,2023-02-01
217,Jeremy,Taylor,jeremy.taylor5068@gmail.com,Meganville,Macedonia,2023-08-22
218,Kelli,Conley,kelli.conley5345@hotmail.com,Lake Matthewberg,Nauru,2023-09-03
219,Nicholas,Martin,nicholas.martin4845@hotmail.com,Lake Samuel,Isle of Man,2025-03-20
220,Michael,Ball,michael.ball3144@yahoo.com,Karenmouth,Djibouti,2023-07-28
221,Amanda,Collins,amanda.collins6212@yahoo.com,West Erika,Montenegro,2024-12-14
222,Tracey,Murray,tracey.murray9325@yahoo.com,Shawchester,Central African Republic,2024-03-29
223,Lisa,Solis,lisa.solis6654@gmail.com,Brettfort,Tunisia,2025-12-05
224,Nathan,Villa,nathan.villa4979@hotmail.com,West Christopherburgh,Faroe Islands,2024-04-27
225,Shannon,Palmer,shannon.palmer3444@yahoo.com,East Lisastad,Venezuela,2023-07-09
226,Anthony,Brown,anthony.brown9503@hotmail.com,Joeland,Holy See (Vatican City State),2024-02-15
227,Jeffrey,Flores,jeffrey.flores7619@gmail.com,Laceyberg,Argentina,2023-06-15
228,Justin,Gallegos,justin.gallegos7245@hotmail.com,Port Janice,Kiribati,2024-09-24
229,Christina,Bullock,christina.bullock8376@gmail.com,Jasonberg,Mayotte,2023-04-11
230,Shelby,Lynch,shelby.lynch2781@yahoo.com,Port Keithport,British Virgin Islands,2025-06-15
231,Brandon,Barnes,brandon.barnes4650@hotmail.com,Brownfort,Nauru,2023-01-15
232,Amanda,Chen,amanda.chen5492@hotmail.com,Lake Douglas,Japan,2025-05-28
233,Aaron,Gomez,aaron.gomez3849@hotmail.com,Lopezland,Mali,2024-03-10
234,Theresa,Jones,theresa.jones3681@hotmail.com,South Morganton,Norfolk Island,2024-10-24
235,Paul,Brooks,paul.brooks2415@hotmail.com,West Kristinastad,Dominican Republic,2025-10-16
236,Jessica,Fuller,jessica.fuller758@hotmail.com,Dennisstad,Mauritius,2024-07-22
237,Matthew,Day,matthew.day7785@hotmail.com,Pollardfort,Niue,2025-07-09
238,Ian,Taylor,ian.taylor7462@hotmail.com,Johnsonborough,Aruba,2023-08-10
239,Kylie,Blackwell,kylie.blackwell9432@yahoo.com,Zacharyside,Lebanon,2024-11-02
240,Jon,Mullins,jon.mullins6292@gmail.com,Michaelton,Tonga,2023-02-27
241,Diana,Nelson,diana.nelson6548@yahoo.com,Prestonmouth,Ukraine,2024-07-24
242,Stephanie,Morgan,stephanie.morgan2418@gmail.com,Holtstad,Uzbekistan,2025-11-24
243,Laura,Adams,laura.adams1747@gmail.com,Millerburgh,Mauritius,2023-07-19
244,Kelly,Garcia,kelly.garcia3586@yahoo.com,Kirkchester,Chad,2024-12-10
245,Hannah,Bell,hannah.bell8487@gmail.com,Christinachester,Falkland Islands (Malvinas),2023-04-29
246,Danielle,Moody,danielle.moody823@gmail.com,Lake Danastad,Malawi,2024-07-13
247,Laurie,Shelton,laurie.shelton1989@gmail.com,Port Cathy,Slovenia,2023-05-16
248,Samuel,Martinez,samuel.martinez2185@gmail.com,Michaelshire,Antigua and Barbuda,2023-04-29
249,Cassie,Shelton,cassie.shelton8703@yahoo.com,Scottland,Montenegro,2024-02-25
250,Devin,Richardson,devin.richardson7252@yahoo.com,Johnville,Anguilla,2023-02-06
251,Jill,Porter,jill.porter6992@yahoo.com,West Kimberlymouth,Croatia,2023-06-06
252,Wendy,Mitchell,wendy.mitchell2608@yahoo.com,North Derek,Barbados,2023-04-08
253,Shannon,Roach,shannon.roach7374@yahoo.com,Port Evelynmouth,Papua New Guinea,2024-06-23
254,Michael,Brown,michael.brown4051@hotmail.com,Patriciaburgh,Rwanda,2024-05-17
255,Jenna,Graves,jenna.graves8541@gmail.com,Williamville,Cook Islands,2023-03-19
256,Laura,Young,laura.young3920@yahoo.com,West Angelastad,Lao People's Democratic Republic,2024-05-22
257,Linda,Arnold,linda.arnold7207@hotmail.com,North Kylefort,Mali,2025-06-30
258,Robert,Ortiz,robert.ortiz4682@hotmail.com,East Teresaland,Korea,2024-08-12
259,Steven,Holmes,steven.holmes4452@gmail.com,Port Tammy,Jersey,2024-01-18
260,Wesley,Oneill,wesley.oneill5239@gmail.com,West Fred,Gibraltar,2025-06-23
261,Sarah,Perez,sarah.perez2268@hotmail.com,Meghanview,Congo,2025-01-31
262,Cynthia,Pierce,cynthia.pierce3789@gmail.com,Christinaland,Macao,2023-10-13
263,Danielle,Vargas,danielle.vargas2504@hotmail.com,East Donna,Saint Helena,2024-09-23
264,Rachel,Morgan,rachel.morgan1053@hotmail.com,Port Michelleland,Aruba,2023-08-09
265,Stacy,Wise,stacy.wise6679@yahoo.com,Port Ashley,Nicaragua,2024-01-28
266,Danielle,Jimenez,danielle.jimenez8891@hotmail.com,Dawnport,Liberia,2023-04-26
267,John,Aguirre,john.aguirre6813@yahoo.com,Shawnton,Cayman Islands,2025-07-31
268,Scott,Washington,scott.washington3389@gmail.com,Catherinemouth,Tokelau,2023-07-29
269,Jennifer,Gross,jennifer.gross6382@yahoo.com,Andersonstad,Malawi,2025-10-26
270,Anna,Flores,anna.flores9433@yahoo.com,West Shannonberg,Bhutan,2023-10-18
271,Brent,Dougherty,brent.dougherty7815@hotmail.com,Wrightburgh,Suriname,2025-11-23
272,Mark,Lane,mark.lane5764@yahoo.com,Port Erik,Malawi,2024-04-03
273,Steven,Koch,steven.koch6390@yahoo.com,North Sierrahaven,Kuwait,2023-07-31
274,Tammy,Lewis,tammy.lewis8819@yahoo.com,North Juanfort,France,2024-09-10
275,Amanda,Boone,amanda.boone8000@yahoo.com,West Jessica,Serbia,2024-09-12
276,Richard,Williams,richard.williams4472@gmail.com,West Angela,Barbados,2023-06-27
277,Paul,Cole,paul.cole7957@hotmail.com,Marciaville,Brunei Darussalam,2025-10-07
278,Theresa,Long,theresa.long6372@yahoo.com,Kariborough,Netherlands Antilles,2024-01-17
279,William,Porter,william.porter6625@gmail.com,East Jenniferfort,Malaysia,2025-01-01
280,Stephen,Obrien,stephen.obrien7658@hotmail.com,West Sarah,Ghana,2025-03-19
281,Francisco,Ewing,francisco.ewing8752@hotmail.com,Brittneyhaven,Switzerland,2025-10-11
282,William,Burns,william.burns6456@hotmail.com,Thomastown,Heard Island and McDonald Islands,2025-10-11
283,Mark,Rodriguez,mark.rodriguez1376@yahoo.com,Lauratown,Nauru,2023-07-12
284,Thomas,Coffey,thomas.coffey2224@hotmail.com,Lake Brett,Lesotho,2023-05-05
285,George,Fuller,george.fuller2978@hotmail.com,Hernandezbury,Antigua and Barbuda,2025-08-25
286,Ashley,Graves,ashley.graves4263@gmail.com,South Leeberg,Isle of Man,2023-10-21
287,Hannah,Jenkins,hannah.jenkins5364@hotmail.com,Salaston,Romania,2024-09-28
288,Devin,Clark,devin.clark7450@yahoo.com,Foxmouth,Zimbabwe,2024-02-05
289,Glen,Barr,glen.barr5530@yahoo.com,Ericaview,New Caledonia,2023-10-21
290,Todd,Bernard,todd.bernard4559@yahoo.com,Jeffreyport,Sierra Leone,2023-07-26
291,Keith,Clark,keith.clark4134@hotmail.com,Stewartstad,Moldova,2025-06-21
292,Sarah,Pope,sarah.pope7706@yahoo.com,Davidside,Hong Kong,2025-10-27
293,Paula,Foster,paula.foster8838@yahoo.com,West Bobby,Zimbabwe,2025-08-21
294,Jennifer,Reed,jennifer.reed5734@yahoo.com,Julieborough,Cook Islands,2024-09-02
295,Maria,Nelson,maria.nelson1125@hotmail.com,Derrickshire,Dominican Republic,2025-09-14
296,John,Santiago,john.santiago509@hotmail.com,Lake Jesse,Bolivia,2024-07-17
297,Robert,Love,robert.love3267@gmail.com,North Tamara,Vanuatu,2025-10-25
298,Eric,Delgado,eric.delgado2497@yahoo.com,Santosport,Gibraltar,2024-08-04
299,Justin,Brown,justin.brown2069@gmail.com,New Joanne,Thailand,2023-04-11
300,Sharon,Gentry,sharon.gentry1875@gmail.com,Khanburgh,Vietnam,2024-09-15
